id;title;description;date_created
1;Industrial;connect Markets Chief;2019-07-16T00:14:07
2;National Awesome sky blue;Tactics;2019-07-15T18:18:58
3;compress South Georgia and the South Sandwich Islands;compelling mission-critical;2019-07-16T01:33:37
4;Plastic;Car Industrial deliverables;2019-07-16T05:06:28
5;24 hour;overriding;2019-07-15T21:37:13
6;application quantify Unbranded Plastic Tuna;Internal;2019-07-15T18:11:02
7;Highway Ergonomic;moratorium moratorium;2019-07-15T21:04:28
8;withdrawal COM;embrace Developer;2019-07-15T18:12:40
9;hard drive Robust Networked;Poland;2019-07-16T04:19:26
10;Grocery;red;2019-07-15T17:05:12
